Track Name,Artist,Album,Genre,Release Year
"Bills, Bills, Bills",Destiny's Child,"Bills, Bills, Bills - EP",R&B/Soul,1999
Miss Independent,Ne-Yo,Year of the Gentleman,R&B/Soul,2008
Foolish,Ashanti,Ashanti,R&B/Soul,2002
All I Have (feat. LL Cool J),Jennifer Lopez,This Is Me...Then,Pop,2002
If I Ain't Got You,Alicia Keys,The Diary of Alicia Keys,R&B/Soul,2003
Case of the Ex (Whatcha Gonna Do),Mýa,Fear of Flying (UK Version),R&B/Soul,2000
Say My Name,Destiny's Child,#1's,R&B/Soul,1999
Closer,Ne-Yo,Year of the Gentleman,R&B/Soul,2008
It's Not Right But It's Okay,Whitney Houston,The Ultimate Collection,R&B/Soul,1998
Fantasy,Mariah Carey,Daydream,Pop,1995
If You Had My Love,Jennifer Lopez,On The 6,Pop,1999
Spotlight,Jennifer Hudson,Jennifer Hudson,R&B/Soul,2008
Saving All My Love for You,Whitney Houston,The Ultimate Collection,R&B/Soul,1985
Let Me Love You,Mario,Turning Point,R&B/Soul,2004
No Scrubs,TLC,FanMail,R&B/Soul,1999
Always On Time (feat. Ashanti),Ja Rule,Pain Is Love,R&B/Soul,2001
7 Days,Craig David,Born to Do It,Pop,2000
Hate It Or Love It (feat. 50 Cent),The Game,The Documentary,R&B/Soul,2005
U Remind Me,USHER,8701,R&B/Soul,2001
Irreplaceable,Beyoncé,B'Day (Deluxe Edition),Pop,2006
How Will I Know,Whitney Houston,Whitney Houston (The Deluxe Anniversary Edition),Pop,1985
All Falls Down (feat. Syleena Johnson),Kanye West,The College Dropout,R&B/Soul,2004
Unfoolish,Ashanti,Ashanti,R&B/Soul,2002
Countdown,Beyoncé,4 (Expanded Edition),Pop,2011
Pills N Potions,Nicki Minaj,The Pinkprint (Deluxe),R&B/Soul,2014
Love Don't Cost a Thing,Jennifer Lopez,J. Lo,R&B/Soul,2000
We Ride,Rihanna,A Girl Like Me,Pop,2006
Ain't It Funny,Jennifer Lopez,J. Lo,R&B/Soul,2001
Hit 'Em Up Style (Oops!),Blu Cantrell,Bittersweet,R&B/Soul,2001
What's Luv? (feat. Ashanti),Fat Joe,What's Luv? (feat. Ashanti) - Single,R&B/Soul,2002
Try Again,Aaliyah,Aaliyah,R&B/Soul,2000
Age Ain't Nothing But a Number,Aaliyah,Age Ain't Nothing But a Number (Deluxe),R&B/Soul,1994
Question Existing,Rihanna,Good Girl Gone Bad (Reloaded - UK & Oz CD),R&B/Soul,2007
Hate That I Love You (feat. Ne-Yo),Rihanna,Good Girl Gone Bad (Reloaded - UK & Oz CD),R&B/Soul,2007
What's My Name? (feat. Drake),Rihanna,Loud,Pop,2010
Only Girl (In the World),Rihanna,Loud,Pop,2010
"Love the Way You Lie, Pt. 2 (feat. Eminem)",Rihanna,Loud (Deluxe),Pop,2010
Love the Way You Lie (feat. Rihanna),Eminem,Recovery,R&B/Soul,2010
Love the Way You Lie (Piano Version),Rihanna,Loud (Deluxe),Pop,2010
If It's Lovin' That You Want,Rihanna,Music of the Sun,Pop,2005
"You Don't Love Me (No,No,No) [feat. Vybz Kartel]",Rihanna,Music of the Sun,Pop,2005
Girl,Destiny's Child,#1's,R&B/Soul,2001
Bug a Boo,Destiny's Child,The Writing's On the Wall,R&B/Soul,1999
Unpretty,TLC,FanMail,R&B/Soul,1999
Shackles (Praise You),Mary Mary,Go Get It (Music from the TV Series),R&B/Soul,1999
Passionfruit,Drake,More Life,R&B/Soul,2017
Always Be My Baby,Mariah Carey,Daydream,Pop,1995
Waterfalls,TLC,CrazySexyCool,R&B/Soul,1994
Nice For What,Drake,Scorpion,R&B/Soul,2018
"Hold On, We're Going Home (feat. Majid Jordan)",Drake,Nothing Was the Same (Deluxe),R&B/Soul,2013
If Your Girl Only Knew,Aaliyah,One In A Million,R&B/Soul,1996
Are You That Somebody,Aaliyah,Are You That Somebody - Single,R&B/Soul,1998
CHURCH GIRL,Beyoncé,RENAISSANCE,Pop,2022
Heard It All Before,Sunshine Anderson,Your Woman,R&B/Soul,2001
"Me, Myself and I",Beyoncé,Dangerously in Love,Pop,2003
The Girl Is Mine (feat. Destiny's Child & Brandy),99 Souls,The Girl Is Mine (feat. Destiny's Child & Brandy),Pop,2015
Cater 2 U,Destiny's Child,Destiny Fulfilled,Pop,2004
Prom,SZA,Ctrl,R&B/Soul,2017
Just Fine,Mary J. Blige,Growing Pains (Deluxe),R&B/Soul,2007
World Wide Woman,Beyoncé,B'Day (Deluxe Edition),Pop,2007
SUMMER,THE CARTERS,EVERYTHING IS LOVE,R&B/Soul,2018
Same Ol’ Mistakes,Rihanna,ANTI (Deluxe),Pop,2016
Superpower (feat. Frank Ocean),Beyoncé,BEYONCÉ (Platinum Edition),Pop,2013
"No, No, No (Camdino Soul Extended Remix)",Destiny's Child,Destiny's Child,R&B/Soul,1998
Kitty Kat,Beyoncé,B'Day (Deluxe Edition),Pop,2006
Stay (feat. Mikky Ekko),Rihanna,Unapologetic (Deluxe Version),Pop,2012
Loveeeeeee Song (feat. Future),Rihanna,Unapologetic (Deluxe Version),Pop,2012
Diamonds,Rihanna,Unapologetic (Deluxe Version),Pop,2012
Love Without Tragedy / Mother Mary,Rihanna,Unapologetic (Deluxe Version),Pop,2012
Donk,Beyoncé,BEYONCÉ (Platinum Edition),R&B/Soul,
See You Again (feat. Kali Uchis),"Tyler, The Creator",Flower Boy,R&B/Soul,2017
California King Bed,Rihanna,Loud (Deluxe),Pop,2010
You Know How We Do It,Ice Cube,Greatest Hits,R&B/Soul,1993
Bad (Remix) [feat. Rihanna],Wale,The Gifted,R&B/Soul,2013
Family Affair,Mary J. Blige,Reflections - A Retrospective (Deluxe Edition),R&B/Soul,2001
Runaway (feat. Pusha T),Kanye West,My Beautiful Dark Twisted Fantasy (Deluxe Edition (Explicit)),R&B/Soul,2010
Blow,Beyoncé,BEYONCÉ (Platinum Edition),Pop,2013
BREAK MY SOUL,Beyoncé,RENAISSANCE,Pop,2022
Obsessed,Mariah Carey,Memoirs of an Imperfect Angel (Special Edition),R&B/Soul,2009
Nobody's Business (feat. Chris Brown),Rihanna,Unapologetic (Deluxe Version),Pop,2012
Part II (On the Run) [feat. Beyoncé],JAY-Z,Magna Carta... Holy Grail,R&B/Soul,2013
Un-thinkable (I'm Ready),Alicia Keys,The Element of Freedom,R&B/Soul,2009
Love Like This,Faith Evans,Keep the Faith,R&B/Soul,1998
My Love Is Your Love,Whitney Houston,The Ultimate Collection,R&B/Soul,1998
More Than A Woman,Aaliyah,Aaliyah,R&B/Soul,2001
All Night,Beyoncé,Lemonade,Pop,2016
Be With You,Beyoncé,Dangerously in Love,Pop,2003
I'm Goin' Down,Mary J. Blige,My Life (Bonus Track Version),R&B/Soul,1994
No More Drama,Mary J. Blige,No More Drama (Version 2),R&B/Soul,2001
Genie in a Bottle,Christina Aguilera,Christina Aguilera (Expanded Edition),Pop,1999
Beyoncé Interlude,Beyoncé,Dangerously in Love,Pop,2003
Gift from Virgo,Beyoncé,Dangerously in Love,Pop,2003
Dance For You,Beyoncé,4 (Expanded Edition),Pop,2011
U Got It Bad,USHER,8701,R&B/Soul,2001
Rich Baby Daddy (feat. Sexyy Red & SZA),Drake,For All The Dogs,R&B/Soul,2023
Rather Die Young,Beyoncé,4 (Expanded Edition),Pop,2011
It's a Wrap,Mariah Carey,Memoirs of an Imperfect Angel (Special Edition),R&B/Soul,2009
Up Out My Face,Mariah Carey,Memoirs of an Imperfect Angel (Special Edition),R&B/Soul,2009
Be Without You (Kendu Mix),Mary J. Blige,The Breakthrough (Deluxe),R&B/Soul,2005
BODYGUARD,Beyoncé,COWBOY CARTER,R&B/Soul,2024
YA YA,Beyoncé,COWBOY CARTER,R&B/Soul,2024
So Good,Destiny's Child,The Writing's On the Wall,R&B/Soul,1999
Saturn,SZA,Saturn - Single,R&B/Soul,2024
You the Boss (feat. Nicki Minaj),Rick Ross,You the Boss (feat. Nicki Minaj) - Single,R&B/Soul,2011
Heartbreaker (feat. JAY-Z),Mariah Carey,Rainbow,Pop,1999
Just The Memories,Nicki Minaj,Pink Friday 2,R&B/Soul,2023
Fallin 4 U,Nicki Minaj,Pink Friday 2,R&B/Soul,2023
Dirrty (feat. Redman),Christina Aguilera,Stripped,Pop,2002
II MOST WANTED,Beyoncé & Miley Cyrus,COWBOY CARTER,R&B/Soul,2024
ALREADY,"Beyoncé, Shatta Wale & Major Lazer",The Lion King: The Gift,R&B/Soul,2019
FIND YOUR WAY BACK,Beyoncé,The Lion King: The Gift,R&B/Soul,2019
Your Love,Nicki Minaj,Pink Friday (Complete Edition),R&B/Soul,2010
You Da One,Rihanna,Talk That Talk (Deluxe),Pop,2011
1 Thing,Amerie,Touch,R&B/Soul,2005
24K Magic,Bruno Mars,24K Magic - Single,Pop,2016
Uptown Funk (feat. Bruno Mars),Mark Ronson,Uptown Special,Pop,2014
Locked Out of Heaven,Bruno Mars,Unorthodox Jukebox,Pop,2012
That’s What I Like,Bruno Mars,24K Magic,Pop,2016
Grenade,Bruno Mars,Doo-Wops & Hooligans (Deluxe),Pop,2010
Somewhere In Brooklyn,Bruno Mars,Doo-Wops & Hooligans (Deluxe),Pop,2010
Die With A Smile,Lady Gaga & Bruno Mars,Die With A Smile - Single,Pop,2024
Take Care (feat. Rihanna),Drake,Take Care (Deluxe Version),R&B/Soul,2011
LEVII'S JEANS,Beyoncé & Post Malone,COWBOY CARTER,R&B/Soul,2024
Dot,Destiny's Child,Charlie's Angels (Music from the Motion Picture),R&B/Soul,2000
Dirty Cash (Money Talks) [Sold Out 7 Inch Mix],The Adventures of Stevie V,Dirty Cash (Money Talks),Pop,1989
All Around the World,Lisa Stansfield,Affection (Deluxe),R&B/Soul,1989
Tears Dry On Their Own,Amy Winehouse,Back to Black,R&B/Soul,2006
Dangerously in Love 2,Beyoncé,Dangerously in Love,Pop,2003
Careless Whisper,George Michael,Make It Big,Pop,1984
I Wanna Dance with Somebody (Who Loves Me),Whitney Houston,Whitney,R&B/Soul,1987
II HANDS II HEAVEN,Beyoncé,COWBOY CARTER,R&B/Soul,2024
Schoolin' Life,Beyoncé,4 (Expanded Edition),Pop,2011
Missing (Todd Terry Remix),Everything But the Girl,Amplified Heart (Deluxe Edition),Pop,1994
Why Don't You Love Me,Beyoncé,I AM...SASHA FIERCE (Deluxe Version),Pop,2008
Hymn for the Weekend,Coldplay,A Head Full of Dreams,R&B/Soul,2015
I'm Your Baby Tonight,Whitney Houston,The Ultimate Collection,R&B/Soul,1990
You Don't Know My Name,Alicia Keys,The Diary of Alicia Keys,R&B/Soul,2003
Malibu,Miley Cyrus,Younger Now,Pop,2017
Soldier (feat. Lil Wayne & T.I.),Destiny's Child,#1's,R&B/Soul,2001
Check On It (feat. Bun B & Slim Thug),Beyoncé,B'Day (Deluxe),Pop,2006
La Isla Bonita,Madonna,Celebration (Deluxe Version),Pop,1986
"Independent Women, Pt. 1",Destiny's Child,Survivor (International Edition),R&B/Soul,2000
Show Me Love,WizTheMc & bees & honey,Show Me Love - Single,Pop,2025
Hold Up,Beyoncé,Lemonade,Pop,2016
Do for Love,2Pac,R U Still Down? (Remember Me),R&B/Soul,1997
Long Way 2 Go,Cassie,Cassie,R&B/Soul,2006
Me & U,Cassie,Cassie,R&B/Soul,2006
The Boys,Nicki Minaj & Cassie,Pink Friday: Roman Reloaded the Re-Up,R&B/Soul,2012
Bust Your Windows,Glee Cast,"Glee: The Music, Volume 1",Pop,2009
Ain't Nobody,Chaka Khan,"Epiphany: The Best of Chaka Khan, Vol. 1",R&B/Soul,1983
Moonlight,Kali Uchis,Red Moon In Venus,R&B/Soul,2023
Dead To Me,Kali Uchis,Isolation,R&B/Soul,2018
Through With Love,Destiny's Child,Destiny Fulfilled,Pop,2004
Type Dangerous,Mariah Carey,Type Dangerous - Single,Pop,2025
Love Me Not,Ravyn Lenae,Bird's Eye,R&B/Soul,2024
BIGGER,Beyoncé,The Lion King: The Gift,R&B/Soul,2019
Un-Break My Heart,Toni Braxton,Secrets (Remix Package),R&B/Soul,1996
Careless Whisper (Remastered),George Michael,Careless Whisper - EP,Pop,1984
Respect,Aretha Franklin,Soul Queen,R&B/Soul,1967
At Last,Beyoncé,Cadillac Records (Music from the Motion Picture) [Deluxe Version],R&B/Soul,2008
Someone to Call My Lover,Janet Jackson,All for You,Pop,2001
More,Tamia,More,R&B/Soul,2004
Shirt,SZA,SOS Deluxe: LANA,R&B/Soul,2022
Father Figure (2010 Remastered Version),George Michael,Faith (Deluxe Edition) [2010 Remastered Version],Pop,1987
Kill Bill (feat. Doja Cat),SZA,Kill Bill (feat. Doja Cat) - Single,R&B/Soul,2023
Red Light Spells Danger,Billy Ocean,The Very Best of Billy Ocean,Pop,1980
The Sweetest Taboo,Sade,The Best of Sade,R&B/Soul,1985
Luv Dancin' (feat. Jasmine) [Extended Vocal],Underground Solution,Luv Dancin' (feat. Jasmine) [Remixes] - EP,R&B/Soul,1990
Teardrops,Womack & Womack,Conscience,R&B/Soul,1988
Take Me in Your Arms (Original Vocals Version),Lil Suzy,Love Can't Wait,R&B/Soul,1991
He Wasn't Man Enough,Toni Braxton,The Heat,R&B/Soul,2000
Save Your Tears (Remix),The Weeknd & Ariana Grande,Save Your Tears (Remix) - Single,R&B/Soul,2021
Sex with Me,Rihanna,ANTI (Deluxe),Pop,2016
Do You Really Want to Hurt Me,Culture Club,Kissing to Be Clever,Pop,1982
Knock You Down (feat. Kanye West & Ne-Yo),Keri Hilson,In a Perfect World... (Bonus Track Version),R&B/Soul,2008
Black Heart,Stooshe,Black Heart (Remixes) - EP,Pop,2012
Get Right,Jennifer Lopez,Rebirth,R&B/Soul,2005
Don't Think I'm Not,Kandi,Hey Kandi...,R&B/Soul,2000
Ex-Factor,Lauryn Hill,The Miseducation of Lauryn Hill,R&B/Soul,1998
Don't Let Go (Love),En Vogue,Ev3,Pop,1996
No Ordinary Love,Sade,Love Deluxe,R&B/Soul,1992
The Beautiful Ones,Prince & The Revolution,Purple Rain,Pop,1984
Young Hearts Run Free,Candi Staton,Young Hearts Run Free,R&B/Soul,1976
Stole,Kelly Rowland,Simply Deep (French and Australian Edition),R&B/Soul,2002
ALLIIGATOR TEARS,Beyoncé,COWBOY CARTER,R&B/Soul,2024
Valerie (feat. Amy Winehouse) [Version Revisited],Mark Ronson,Version (Bonus Tracks),R&B/Soul,2007
The Best (Single Edit),Tina Turner,Simply the Best,R&B/Soul,1989
What Would You Do?,City High,City High,R&B/Soul,2001
Love Don't Live Here Anymore,Rose Royce,The Very Best of Rose Royce,R&B/Soul,1978
Thief of Hearts,Madonna,Erotica,Pop,1992
Beautiful Monster,Ne-Yo,Beautiful Monster - Single,R&B/Soul,2010
Dangerous Woman,Ariana Grande,Dangerous Woman,Pop,2016
Thong Song,Sisqó,Unleash The Dragon,R&B/Soul,1999
You're Makin' Me High,Toni Braxton,Secrets (Remix Package),R&B/Soul,1996
